estudiante_id,nombre,fechaNacimiento,telefono,apoderado,total_inscripciones,edad
10000142,Diana Muñoz Marín,2010-11-03,74483063,Patricia Ramírez Serrano,2,14
10000214,Sebastián Romero Mendoza,2009-04-03,71212298,José González Ruiz,2,16
7000068,Diego Fernández Alonso,2009-04-23,79977382,David Hernández Díaz,0,16
10000522,Francisco Pérez Serrano,2009-09-25,72666587,Carmen Jiménez Martín,0,15
10000096,Andrea Vargas Aguilar,2006-06-12,71865320,David Hernández Díaz,2,18
7000271,Claudia Moreno Martínez,2010-06-19,73198715,Rosa Moreno Muñoz,0,14
10000460,Héctor García Delgado,2012-05-17,76538140,María López Martínez,0,13
10000175,Carlos Álvarez López,2009-05-11,78283039,David Hernández Díaz,2,16
7000288,Beatriz Muñoz Moreno,2011-02-26,75475284,Ana Rodríguez Sánchez,0,14
7000138,Elena Álvarez Martínez,2011-02-19,74397392,Elena Alonso Gutiérrez,0,14
10000069,Valeria Ramos García,2008-10-07,77580715,Antonio Iglesias Vargas,2,16
7000218,Alejandro Ruiz Gómez,2009-11-16,78147323,David Hernández Díaz,0,15
10000561,Esperanza Gil Martínez,2006-06-09,75134195,Francisco Delgado Rubio,0,18
10000264,José Delgado Álvarez,2013-12-03,79676547,José González Ruiz,1,11
7000249,Sergio Ruiz Díaz,2006-04-28,76101285,José González Ruiz,0,19
7000178,Natalia Alonso González,2007-11-04,78259262,Ana Rodríguez Sánchez,0,17
10000525,Ignacio Torres Morales,2010-10-25,72125263,Sandra Morales Ortiz,0,14
7000187,Manuel Hernández Muñoz,2005-02-13,79781707,María López Martínez,0,20
10000321,Isabel Díaz Moreno,2011-01-14,74639420,Ana Rodríguez Sánchez,1,14
10000518,Francisco Sanz Ortiz,2006-04-11,72471159,Elena Alonso Gutiérrez,0,19
10000346,Isabel Mendoza Romero,2009-02-05,72274077,Beatriz Marín Sanz,1,16
10000381,Daniel Sánchez Sánchez,2009-02-03,73943716,David Hernández Díaz,0,16
10000106,Eduardo Ortega Pérez,2008-05-10,72268893,Patricia Ramírez Serrano,2,17
10000012,Óscar Gómez Fernández,2006-04-05,74132027,Alejandro Blanco Suárez,2,19
10000308,José Gómez Gómez,2007-07-05,73478778,David Hernández Díaz,1,17
10000229,Javier Martínez Vargas,2013-12-19,74203062,María López Martínez,2,11
10000066,Pedro Marín Ortega,2007-11-01,71884267,Isabel Domínguez Vázquez,2,17
7000149,Ricardo Hernández Pérez,2005-04-27,71171780,Elena Alonso Gutiérrez,0,20
7000273,Laura Martínez Sánchez,2010-05-17,73730615,Miguel Álvarez Romero,0,15
10000496,Claudia Contreras Gutiérrez,2006-03-27,73366866,Patricia Ramírez Serrano,0,19
10000259,Paola Blanco Ramírez,2007-02-11,71903445,Carlos García Pérez,1,18
7000264,Javier Álvarez García,2008-10-05,76300992,José González Ruiz,0,16
10000152,Fernando Álvarez Lara,2007-08-28,79314565,Carmen Jiménez Martín,2,17
7000077,Fernando Sánchez Gómez,2007-11-08,77209592,José González Ruiz,0,17
7000224,Andrés López Alonso,2008-12-24,71170232,José González Ruiz,0,16
10000385,David Ruiz Rivera,2013-05-08,71404238,Ricardo Molina Castro,0,12
10000376,Renata Espinoza Ortega,2011-02-15,73402022,Carlos García Pérez,0,14
10000412,Manuel Delgado Gutiérrez,2010-06-17,75483833,Sandra Morales Ortiz,0,14
10000520,Óscar Herrera Navarro,2007-11-12,76187718,Francisco Delgado Rubio,0,17
10000210,Antonio Ramírez Blanco,2012-11-26,75926739,Beatriz Marín Sanz,2,12
7000003,Laura Martínez Martínez,2005-02-26,74251176,Miguel Álvarez Romero,0,20
7000058,Roberto Álvarez Jiménez,2010-07-24,79992287,Carmen Jiménez Martín,0,14
7000087,Rafael Moreno López,2009-11-04,79859275,José González Ruiz,0,15
10000083,Tomás Iglesias Castro,2010-08-22,77107744,Ricardo Molina Castro,2,14
10000498,Inés Navarro Ruiz,2009-03-28,73422684,Elena Alonso Gutiérrez,0,16
7000064,Carlos Romero Hernández,2009-08-04,71948261,Miguel Álvarez Romero,0,15
10000576,María Morales Gil,2007-06-17,72233432,Elena Alonso Gutiérrez,0,17
7000292,Andrea Ruiz Fernández,2011-06-28,70823076,Carmen Jiménez Martín,0,13
7000152,Francisco Fernández Ruiz,2006-05-14,70319289,Miguel Álvarez Romero,0,19
10000563,Verónica López Marín,2012-03-18,73342878,Sandra Morales Ortiz,0,13
10000255,Amanda Espinoza Castro,2007-04-05,76876795,Luis Fernández Gómez,1,18
10000187,Carlos Díaz Espinoza,2008-06-02,74837786,Ricardo Molina Castro,2,17
7000253,Mónica Ruiz Muñoz,2010-01-08,77875290,David Hernández Díaz,0,15
10000433,Alejandro Marín Ortega,2012-04-21,75826737,Elena Alonso Gutiérrez,0,13
7000037,Juan Gómez Sánchez,2010-05-28,70714215,José González Ruiz,0,15
7000182,Isabel Álvarez Fernández,2007-06-24,74371877,Luis Fernández Gómez,0,17
10000529,Emilio Álvarez Lara,2008-01-16,76188001,Sandra Morales Ortiz,0,17
10000422,Rafael Cruz Ramírez,2012-12-12,70969833,Patricia Ramírez Serrano,0,12
7000049,Francisco Sánchez Gómez,2009-05-27,77610141,Carmen Jiménez Martín,0,16
10000027,Luis Aguilar Ramos,2012-03-14,78629066,José González Ruiz,2,13
10000374,Fernando Suárez Marín,2011-03-01,79490207,Ana Rodríguez Sánchez,0,14
10000070,Iván Molina Muñoz,2009-01-28,79713583,Francisco Delgado Rubio,2,16
10000497,Víctor Ortiz Alonso,2012-11-22,71285786,Roberto Navarro Torres,0,12
10000071,Verónica Delgado Gutiérrez,2010-05-19,73586478,Ana Rodríguez Sánchez,2,15
10000026,Jimena Jiménez Molina,2010-06-20,79505170,Patricia Ramírez Serrano,2,14
7000227,Pedro Fernández García,2010-06-11,70923139,Rosa Moreno Muñoz,0,14
10000130,Natalia Molina Castro,2012-07-20,77965052,Ana Rodríguez Sánchez,2,12
7000044,Laura Rodríguez Romero,2010-12-01,74582115,Miguel Álvarez Romero,0,14
10000451,Fernanda Blanco Moreno,2010-09-04,71438470,Ana Rodríguez Sánchez,0,14
7000267,Gabriela Martín Sánchez,2009-12-10,72682167,David Hernández Díaz,0,15
10000406,Manuel Serrano Morales,2009-07-17,70276287,Miguel Álvarez Romero,0,15
10000331,Nicolás Vázquez Espinoza,2012-11-19,71542630,Antonio Iglesias Vargas,1,12
10000133,Carlos Ortiz Serrano,2007-06-25,72685279,Carlos García Pérez,2,17
10000567,Fernanda Jiménez Díaz,2010-07-08,74770351,Rosa Moreno Muñoz,0,14
10000326,Isabella Pérez Suárez,2011-10-28,73468022,Luis Fernández Gómez,1,13
7000096,Carmen González Martínez,2010-05-04,71770650,David Hernández Díaz,0,15
10000249,Luis Martín Gil,2009-10-23,70831172,Miguel Álvarez Romero,2,15
10000144,Verónica Rodríguez Suárez,2012-08-26,76566765,Ana Rodríguez Sánchez,2,12
10000186,Isabella Espinoza Sanz,2011-02-03,77552209,Luis Fernández Gómez,2,14
10000544,Isabel Gómez Marín,2006-11-17,79315374,Roberto Navarro Torres,0,18
7000128,Fernanda Moreno Gómez,2008-05-18,73634825,Miguel Álvarez Romero,0,17
10000056,Antonio Alonso Ramos,2011-08-06,70961086,Carmen Jiménez Martín,2,13
10000051,Carolina Ortega Gil,2007-08-06,77591880,Isabel Domínguez Vázquez,2,17
10000030,María Ramos Álvarez,2008-09-27,74159053,Ricardo Molina Castro,2,16
10000369,Jimena Contreras Herrera,2011-08-23,79373373,Isabel Domínguez Vázquez,0,13
10000514,Iván Espinoza Flores,2006-09-14,77739124,Carmen Jiménez Martín,0,18
10000261,Natalia Jiménez Lara,2010-08-24,77840106,Carmen Jiménez Martín,1,14
7000135,Alejandro Hernández Romero,2010-04-12,77651403,Luis Fernández Gómez,0,15
10000458,Nicolás Moreno Flores,2012-06-14,78561935,Antonio Iglesias Vargas,0,12
7000252,Eduardo Sánchez Ruiz,2006-12-21,77703030,David Hernández Díaz,0,18
7000255,Carmen Martín Álvarez,2011-02-13,76950369,Ana Rodríguez Sánchez,0,14
10000596,Valentina Moreno Muñoz,2013-03-23,72364520,Luis Fernández Gómez,0,12
10000362,Juan Torres Ortega,2009-04-06,73855664,Ricardo Molina Castro,0,16
7000171,María Romero Romero,2005-01-25,74777153,Carlos García Pérez,0,20
10000445,Fernando Navarro Contreras,2006-12-28,75460670,Francisco Delgado Rubio,0,18
7000291,Antonio Muñoz Moreno,2008-06-28,76121856,Carlos García Pérez,0,16
10000564,Emilio Ramírez Cruz,2011-10-02,70302833,José González Ruiz,0,13
7000005,Beatriz Pérez Jiménez,2006-01-10,79501774,Luis Fernández Gómez,0,19
10000482,Beatriz Díaz Vázquez,2013-03-25,71558231,Alejandro Blanco Suárez,0,12
10000288,Lorena Delgado Martín,2007-06-03,74931057,Isabel Domínguez Vázquez,1,18
7000017,Alejandra Díaz Álvarez,2006-09-02,74495158,Ana Rodríguez Sánchez,0,18
7000185,Fernando Gómez Gutiérrez,2008-12-21,74708514,David Hernández Díaz,0,16
10000502,Alejandro Álvarez Blanco,2012-01-01,76990840,Roberto Navarro Torres,0,13
10000181,Adrián Domínguez Lara,2010-09-03,76855572,Antonio Iglesias Vargas,2,14
10000483,Alejandro Rodríguez Castro,2012-12-06,73881555,José González Ruiz,0,12
10000535,Mateo Lara Martínez,2010-04-07,78165813,José González Ruiz,0,15
7000027,Andrés Pérez Rodríguez,2007-12-21,75848819,Carlos García Pérez,0,17
7000161,Patricia López Álvarez,2005-10-11,78515722,Carlos García Pérez,0,19
7000212,Javier Fernández Rodríguez,2005-01-21,77137930,Rosa Moreno Muñoz,0,20
7000102,Fernando Alonso Rodríguez,2007-10-16,72179307,Carlos García Pérez,0,17
10000421,Victoria Díaz González,2007-11-14,71325453,María López Martínez,0,17
10000087,Gabriel López Flores,2007-04-12,74190714,Patricia Ramírez Serrano,2,18
7000166,David Hernández Pérez,2006-04-01,71887774,Carmen Jiménez Martín,0,19
10000441,Gonzalo Flores Espinoza,2007-12-21,75339256,Elena Alonso Gutiérrez,0,17
10000479,Mateo Álvarez Martín,2009-10-08,74558861,Antonio Iglesias Vargas,0,15
10000537,Gonzalo Romero Aguilar,2007-11-12,72681897,Elena Alonso Gutiérrez,0,17
7000156,Juan Romero López,2005-11-13,73657688,Luis Fernández Gómez,0,19
7000226,Natalia García Alonso,2010-10-04,75106942,David Hernández Díaz,0,14
7000107,Patricia González García,2010-02-20,72620486,Luis Fernández Gómez,0,15
10000153,Isabella Aguilar Fernández,2013-01-04,73274599,María López Martínez,2,12
10000366,Roberto Gutiérrez Ortiz,2007-01-19,79344937,María López Martínez,0,18
10000128,Paola Aguilar Iglesias,2006-08-03,70850136,Miguel Álvarez Romero,2,18
10000415,Esperanza Delgado Navarro,2009-03-26,77818165,Antonio Iglesias Vargas,0,16
7000013,Fernanda Ruiz Muñoz,2010-10-28,77388201,María López Martínez,0,14
10000282,Renata Ortega Muñoz,2007-12-14,74816273,Patricia Ramírez Serrano,1,17
10000339,Daniel Domínguez Delgado,2010-06-14,78118976,Carmen Jiménez Martín,1,14
10000256,Antonio Ortega Ruiz,2008-01-24,73969427,Francisco Delgado Rubio,1,17
10000137,Mateo Díaz Vázquez,2010-01-08,72479232,Ricardo Molina Castro,2,15
10000462,Carlos Gómez Gutiérrez,2010-04-05,75818139,Fernando Ramos Gil,0,15
10000286,Valeria Torres Gil,2010-08-17,73530233,Roberto Navarro Torres,1,14
7000201,Gabriela Jiménez Álvarez,2006-04-01,70558316,Miguel Álvarez Romero,0,19
10000269,Laura Aguilar Moreno,2010-11-11,79863613,Luis Fernández Gómez,1,14
7000047,Roberto Muñoz Moreno,2011-08-04,74139926,Carlos García Pérez,0,13
10000020,Manuel Ruiz Flores,2007-03-27,71474765,Roberto Navarro Torres,2,18
7000223,Paola Moreno Gutiérrez,2011-11-24,76136249,María López Martínez,0,13
10000532,Daniela Vargas Gutiérrez,2009-03-19,72375264,Luis Fernández Gómez,0,16
10000574,Mateo Rubio Vázquez,2010-08-22,76592503,Isabel Domínguez Vázquez,0,14
7000279,José Muñoz Rodríguez,2009-08-28,76775211,Ana Rodríguez Sánchez,0,15
7000190,Ana García Álvarez,2006-12-01,77307798,Rosa Moreno Muñoz,0,18
7000221,Ana Álvarez Jiménez,2011-05-27,74630318,Luis Fernández Gómez,0,14
10000353,Paola Domínguez Fernández,2006-04-16,75553863,Sandra Morales Ortiz,0,19
7000281,Javier Romero Muñoz,2005-02-04,78586405,Carmen Jiménez Martín,0,20
10000126,Carmen Mendoza Morales,2009-01-09,70440031,Sandra Morales Ortiz,2,16
10000585,Álvaro Ortiz Moreno,2006-03-19,72196467,Sandra Morales Ortiz,0,19
10000091,Raúl Marín Díaz,2011-11-09,70512291,Fernando Ramos Gil,2,13
10000420,Eduardo Espinoza Pérez,2010-11-10,73781705,Fernando Ramos Gil,0,14
10000185,José Serrano Domínguez,2011-03-09,74737899,Patricia Ramírez Serrano,2,14
10000049,Rafael Herrera Morales,2007-02-12,77962891,David Hernández Díaz,2,18
7000142,Andrea Moreno Fernández,2007-10-05,76418273,Carmen Jiménez Martín,0,17
10000500,Mateo López Fernández,2011-07-05,72687028,Rosa Moreno Muñoz,0,13
10000028,Ana Pérez Gutiérrez,2009-11-18,73182555,Miguel Álvarez Romero,2,15
10000092,Jimena Martínez Blanco,2011-08-21,70177426,Isabel Domínguez Vázquez,2,13
10000188,Lorena Blanco Muñoz,2012-06-24,78996253,Francisco Delgado Rubio,2,12
7000075,Pedro Gutiérrez Fernández,2007-12-17,72840116,Carmen Jiménez Martín,0,17
7000046,Sandra Rodríguez Gutiérrez,2008-06-15,72403943,Rosa Moreno Muñoz,0,16
10000542,Martina Romero Torres,2007-11-13,71833312,Rosa Moreno Muñoz,0,17
7000067,Verónica Ruiz Álvarez,2009-01-02,73606043,Elena Alonso Gutiérrez,0,16
10000266,Sebastián Lara Espinoza,2009-08-16,79388467,Patricia Ramírez Serrano,1,15
10000025,Miguel Flores Suárez,2006-10-06,76495110,Miguel Álvarez Romero,2,18
7000139,Javier Pérez Martínez,2010-08-21,79127171,Luis Fernández Gómez,0,14
10000559,Valeria Martínez Gómez,2009-03-13,78432810,Fernando Ramos Gil,0,16
10000090,Patricia Castro Delgado,2011-02-26,79736264,María López Martínez,2,14
7000062,Diego Ruiz Gómez,2008-08-08,71477622,Ana Rodríguez Sánchez,0,16
10000383,Pedro Ramos Morales,2009-09-04,78504844,José González Ruiz,0,15
10000411,Isabella Alonso Morales,2013-01-01,73561608,Fernando Ramos Gil,0,12
7000167,Cristina Martín Romero,2010-02-03,71633194,Miguel Álvarez Romero,0,15
10000382,Patricia Espinoza Herrera,2009-04-25,70950648,Patricia Ramírez Serrano,0,16
10000505,Raquel García Sanz,2011-07-13,74247820,Ricardo Molina Castro,0,13
7000205,María Ruiz Álvarez,2007-11-15,74807598,Carmen Jiménez Martín,0,17
10000507,Victoria Navarro Castro,2008-10-24,76675025,Fernando Ramos Gil,0,16
10000448,Alejandra Contreras Espinoza,2012-09-12,78988720,Roberto Navarro Torres,0,12
10000080,Camila Ramírez Rivera,2007-08-13,78634099,Luis Fernández Gómez,2,17
7000210,Eduardo Alonso Hernández,2007-09-17,71662141,Carlos García Pérez,0,17
7000073,Mónica García Romero,2011-08-15,77851881,Carlos García Pérez,0,13
10000401,Valentina Ortega Serrano,2010-11-11,76366946,Carmen Jiménez Martín,0,14
10000098,Claudia Rodríguez Gómez,2011-03-18,76570245,Roberto Navarro Torres,2,14
10000457,Cristina Flores Domínguez,2011-10-17,79412261,Roberto Navarro Torres,0,13
10000018,Pedro Romero Gutiérrez,2007-07-06,72144504,Isabel Domínguez Vázquez,2,17
10000432,Paola Muñoz Aguilar,2007-08-11,73980301,José González Ruiz,0,17
10000041,Sergio Castro Ramírez,2010-09-12,72758475,Luis Fernández Gómez,2,14
10000332,Patricia Sanz Navarro,2009-10-09,72372437,Patricia Ramírez Serrano,1,15
10000528,Isabella Ortega Castro,2008-01-12,77955384,José González Ruiz,0,17
10000252,Miguel Gómez Díaz,2013-05-06,79226874,María López Martínez,1,12
10000014,Álvaro Martín Vázquez,2011-11-12,74898866,Ricardo Molina Castro,2,13
10000557,María Aguilar Navarro,2011-07-04,78599804,Rosa Moreno Muñoz,0,13
10000131,Rubén Contreras Romero,2010-12-01,74116562,Patricia Ramírez Serrano,2,14
7000232,Fernanda González Martín,2009-07-24,75862293,Rosa Moreno Muñoz,0,15
10000178,Fernanda Vázquez Delgado,2008-04-10,71219744,María López Martínez,2,17
10000217,Esperanza Serrano Vargas,2011-01-07,72663690,Patricia Ramírez Serrano,2,14
10000407,Natalia Álvarez Rivera,2009-05-16,72317271,Isabel Domínguez Vázquez,0,16
10000375,Pablo Espinoza Álvarez,2008-03-20,78579936,Carmen Jiménez Martín,0,17
7000115,Alejandra Romero Hernández,2006-04-11,74114586,David Hernández Díaz,0,19
10000548,Rosa Rivera Navarro,2011-03-01,75330635,Beatriz Marín Sanz,0,14
7000179,José Martínez González,2006-12-03,74966693,Elena Alonso Gutiérrez,0,18
7000124,David Pérez Díaz,2006-06-01,79474765,Miguel Álvarez Romero,0,19
10000244,Inés Jiménez Vargas,2010-12-16,79959724,Fernando Ramos Gil,2,14
7000021,Verónica Martín Gutiérrez,2011-07-21,79809280,Rosa Moreno Muñoz,0,13
10000262,Fernando Pérez Gómez,2008-12-26,75484925,Roberto Navarro Torres,1,16
7000000,Javier Gutiérrez Gómez,2010-05-04,73212359,Elena Alonso Gutiérrez,0,15
7000164,Manuel González Álvarez,2005-12-19,75725933,María López Martínez,0,19
7000143,Pedro Pérez Moreno,2007-08-12,79107010,Carlos García Pérez,0,17
10000495,Fernando Ramírez Moreno,2011-01-07,75615762,Beatriz Marín Sanz,0,14
10000023,Lorena Moreno Serrano,2006-11-26,73819490,Roberto Navarro Torres,2,18
10000580,Claudia Contreras Morales,2007-12-18,77309847,Isabel Domínguez Vázquez,0,17
10000473,Renata Morales Ramos,2012-01-02,70211706,Ricardo Molina Castro,0,13
10000267,Fernanda Gil Delgado,2006-06-24,73182388,Francisco Delgado Rubio,1,18
7000272,Rafael Sánchez Pérez,2006-06-22,74722520,Elena Alonso Gutiérrez,0,18
10000036,Esperanza Aguilar Rubio,2010-08-18,71542592,Beatriz Marín Sanz,2,14
7000111,Fernanda Ruiz González,2011-03-28,73375880,José González Ruiz,0,14
10000386,Laura Mendoza Muñoz,2008-12-15,79704141,Isabel Domínguez Vázquez,0,16
10000566,Óscar Hernández Contreras,2012-01-23,74922810,Francisco Delgado Rubio,0,13
10000200,Carlos Vázquez Álvarez,2007-11-04,75434333,Ricardo Molina Castro,2,17
10000166,Santiago Domínguez Martín,2007-07-01,75746620,Antonio Iglesias Vargas,2,17
7000241,Francisco Sánchez Sánchez,2006-10-11,74814355,Rosa Moreno Muñoz,0,18
10000488,Raquel Espinoza Sanz,2013-07-18,76425835,Elena Alonso Gutiérrez,0,11
7000126,Rosa Sánchez Romero,2008-10-20,71407725,Elena Alonso Gutiérrez,0,16
10000434,Esperanza Gómez Rivera,2007-03-15,73174376,María López Martínez,0,18
7000031,Ricardo Rodríguez García,2006-02-27,73604096,Miguel Álvarez Romero,0,19
10000268,Tomás Gómez Ramos,2013-11-28,79210660,Antonio Iglesias Vargas,1,11
7000188,Elena Fernández Alonso,2005-06-02,74249651,Elena Alonso Gutiérrez,0,20
7000238,Alejandra Gutiérrez Gómez,2007-05-09,72722110,Carlos García Pérez,0,18
10000148,Renata Sanz Molina,2012-12-19,73886692,Carlos García Pérez,2,12
10000241,Manuel Ortiz Martín,2010-01-06,77373738,Ricardo Molina Castro,2,15
10000208,Miguel Aguilar Álvarez,2011-06-03,71546948,Antonio Iglesias Vargas,2,14
10000316,Rodrigo Romero Serrano,2010-05-10,70585785,Francisco Delgado Rubio,1,15
7000197,Juan Díaz López,2008-03-17,73135927,David Hernández Díaz,0,17
10000139,Gabriel Blanco Suárez,2007-11-20,76147764,Fernando Ramos Gil,2,17
10000312,Pablo Muñoz Espinoza,2007-11-24,71911987,Carmen Jiménez Martín,1,17
10000283,Nicolás Muñoz Iglesias,2012-03-07,70541034,Miguel Álvarez Romero,1,13
10000593,Mateo Rodríguez Marín,2010-10-08,78385904,Ana Rodríguez Sánchez,0,14
10000358,Nicolás Hernández Jiménez,2013-12-22,71922680,Francisco Delgado Rubio,0,11
10000314,Álvaro Martínez Martín,2012-04-27,70636446,Antonio Iglesias Vargas,1,13
7000239,Andrés Pérez López,2005-06-07,73765492,Carmen Jiménez Martín,0,20
10000306,David Ortiz Marín,2007-05-10,77286457,Carmen Jiménez Martín,1,18
7000214,Fernando Muñoz Muñoz,2010-12-02,73314958,David Hernández Díaz,0,14
7000173,Patricia Rodríguez Pérez,2008-11-02,78787980,María López Martínez,0,16
10000440,Daniela Gil Ramírez,2008-03-04,76149621,María López Martínez,0,17
7000112,Javier Ruiz Gutiérrez,2006-10-13,74603067,Carmen Jiménez Martín,0,18
10000317,Andrea Gutiérrez Rivera,2013-07-02,72766234,José González Ruiz,1,11
10000033,Rafael Rubio Gil,2009-08-14,73925530,María López Martínez,2,15
10000541,Gabriel Gil Navarro,2011-04-20,74397587,Beatriz Marín Sanz,0,14
10000513,Rosa Álvarez García,2012-08-16,79410756,Fernando Ramos Gil,0,12
10000309,Amanda Ortega Vargas,2010-01-22,78268030,Carmen Jiménez Martín,1,15
10000586,Elena Vargas Vargas,2012-12-13,71501719,Isabel Domínguez Vázquez,0,12
7000278,Alejandra García Díaz,2011-12-26,76475172,Elena Alonso Gutiérrez,0,13
10000565,Lorena Morales Álvarez,2007-02-13,70459388,Antonio Iglesias Vargas,0,18
7000148,Sandra García Hernández,2005-09-16,72275420,José González Ruiz,0,19
7000175,Ricardo Sánchez Gómez,2007-01-14,76102215,Ana Rodríguez Sánchez,0,18
10000485,Rodrigo Ortega Vargas,2013-07-18,74865307,Beatriz Marín Sanz,0,11
10000007,Mónica Cruz Ramírez,2013-04-17,72990227,Carmen Jiménez Martín,2,12
7000093,Francisco González Gómez,2008-03-03,72899285,Luis Fernández Gómez,0,17
10000265,Patricia Ortiz Marín,2010-11-27,72879685,Elena Alonso Gutiérrez,1,14
10000533,Daniel Gil Lara,2012-08-03,76719198,Francisco Delgado Rubio,0,12
10000295,Mateo Torres Gómez,2007-09-21,70953994,Carlos García Pérez,1,17
10000408,Héctor González Ramírez,2012-04-14,77175765,Beatriz Marín Sanz,0,13
10000531,Antonio Gutiérrez Gómez,2008-06-18,77138559,Carmen Jiménez Martín,0,16
10000551,Diana Fernández García,2010-05-26,74643250,David Hernández Díaz,0,15
10000337,Francisco Lara López,2010-11-25,75438406,Miguel Álvarez Romero,1,14
10000287,Manuel Espinoza Álvarez,2011-02-24,71988208,Sandra Morales Ortiz,1,14
7000145,Fernando Martínez González,2006-01-08,77639999,María López Martínez,0,19
7000233,Javier Gutiérrez Jiménez,2005-09-14,74904416,Carlos García Pérez,0,19
7000028,Claudia Álvarez Ruiz,2009-08-10,76182574,Carlos García Pérez,0,15
7000070,Antonio García Gutiérrez,2007-08-05,79105103,Carmen Jiménez Martín,0,17
10000527,Gabriel Ramos Delgado,2013-05-21,78529858,Rosa Moreno Muñoz,0,12
7000048,Paola Martínez Romero,2008-04-05,79773187,Miguel Álvarez Romero,0,17
10000180,Lorena Domínguez Blanco,2006-01-18,77212996,David Hernández Díaz,2,19
7000144,Ana Martín García,2009-12-06,74717530,Carlos García Pérez,0,15
10000213,Rosa Cruz Díaz,2007-08-24,70862258,Ana Rodríguez Sánchez,2,17
10000365,María Hernández Ruiz,2006-03-07,72705901,Fernando Ramos Gil,0,19
10000081,Víctor Suárez Muñoz,2012-12-13,76575897,Beatriz Marín Sanz,2,12
7000101,Natalia Fernández Gutiérrez,2009-12-01,77765960,José González Ruiz,0,15
7000265,Cristina Moreno Muñoz,2005-09-12,75645260,David Hernández Díaz,0,19
10000410,Roberto Romero Ortiz,2006-05-07,79985172,Ana Rodríguez Sánchez,0,19
10000494,Pilar Espinoza López,2012-04-20,71467477,Miguel Álvarez Romero,0,13
10000599,Santiago Serrano Contreras,2012-04-05,72700042,María López Martínez,0,13
10000119,Lucía Rodríguez Cruz,2007-12-08,74277829,Francisco Delgado Rubio,2,17
10000171,Rosa Morales Blanco,2008-03-06,75304736,Sandra Morales Ortiz,2,17
10000099,Carlos Delgado Gómez,2012-05-16,72593963,Ana Rodríguez Sánchez,2,13
10000297,Diego González Torres,2007-11-23,72119140,Luis Fernández Gómez,1,17
10000278,Valentina Mendoza Rodríguez,2008-06-06,74962646,Ricardo Molina Castro,1,17
7000057,Andrea Gutiérrez Martínez,2009-11-28,72765432,David Hernández Díaz,0,15
10000088,Elena Ramos Díaz,2012-11-17,75263479,Fernando Ramos Gil,2,12
10000414,Rafael González Martín,2012-07-23,73412703,Alejandro Blanco Suárez,0,12
10000235,Eduardo Vargas Martínez,2011-03-08,75559609,Rosa Moreno Muñoz,2,14
10000055,Esperanza Cruz Domínguez,2010-12-09,70349924,Beatriz Marín Sanz,2,14
7000157,Gabriela González Martínez,2005-10-27,74541803,Elena Alonso Gutiérrez,0,19
7000103,Verónica Alonso Hernández,2005-12-13,73178996,Miguel Álvarez Romero,0,19
10000258,Fernando Moreno Ruiz,2006-02-28,79650675,Luis Fernández Gómez,1,19
10000384,Mónica Vargas Torres,2009-02-09,76695958,Francisco Delgado Rubio,0,16
7000088,Andrea Gutiérrez Rodríguez,2005-02-08,72526159,Carlos García Pérez,0,20
10000024,Santiago Ruiz Sánchez,2012-08-21,79585689,Carlos García Pérez,2,12
10000228,Ana Serrano López,2010-10-19,74867591,Miguel Álvarez Romero,2,14
10000177,Mateo Díaz Serrano,2011-11-26,76566542,Carlos García Pérez,2,13
10000009,Laura Delgado Aguilar,2012-04-02,71233076,Francisco Delgado Rubio,2,13
10000545,Manuel Lara Álvarez,2009-08-28,79831320,María López Martínez,0,15
7000051,Patricia Muñoz Martínez,2005-12-20,75456467,Elena Alonso Gutiérrez,0,19
7000295,Luis Díaz Alonso,2007-02-10,78816759,Luis Fernández Gómez,0,18
10000310,Fernando Álvarez Sanz,2011-11-06,70771109,Isabel Domínguez Vázquez,1,13
10000184,Mónica Ramos Muñoz,2007-11-11,78806018,Alejandro Blanco Suárez,2,17
10000389,Raúl Moreno Alonso,2011-05-04,75989058,David Hernández Díaz,0,14
7000065,Fernanda Alonso Ruiz,2009-01-20,77704205,David Hernández Díaz,0,16
10000466,Mateo Pérez Ortiz,2011-08-10,75475830,Patricia Ramírez Serrano,0,13
7000195,Manuel Rodríguez Fernández,2009-08-02,70308306,Luis Fernández Gómez,0,15
7000130,Sandra Gutiérrez Rodríguez,2006-02-19,74724734,Carmen Jiménez Martín,0,19
10000205,Patricia Rubio Herrera,2008-03-19,78181897,David Hernández Díaz,2,17
10000521,Verónica Marín Marín,2008-10-22,76640457,Antonio Iglesias Vargas,0,16
10000450,Fernando Vázquez Navarro,2009-10-28,79221373,Miguel Álvarez Romero,0,15
10000145,Fernando Rodríguez Gutiérrez,2008-06-07,77329414,Carmen Jiménez Martín,2,17
10000581,Gonzalo Rodríguez Domínguez,2009-05-16,79177241,María López Martínez,0,16
10000363,María Ramos Álvarez,2008-01-11,75355638,Antonio Iglesias Vargas,0,17
10000132,Rosa Espinoza Herrera,2009-10-19,78125809,María López Martínez,2,15
10000075,Carlos Rivera Navarro,2010-04-03,73687510,Rosa Moreno Muñoz,2,15
7000066,Francisco Hernández López,2005-01-15,76425351,Carlos García Pérez,0,20
7000298,Natalia Pérez Gómez,2006-07-04,79235591,Ana Rodríguez Sánchez,0,18
7000078,Verónica Ruiz Romero,2006-01-17,70261728,Miguel Álvarez Romero,0,19
10000245,Juan Pérez Delgado,2010-10-09,77738016,Luis Fernández Gómez,2,14
10000271,Rosa Sánchez Martínez,2008-12-09,72121640,Antonio Iglesias Vargas,1,16
10000168,Adrián Gómez Rodríguez,2010-08-25,73633873,Ana Rodríguez Sánchez,2,14
10000093,Mateo Contreras González,2010-03-06,76677178,Antonio Iglesias Vargas,2,15
7000043,Antonio Muñoz Romero,2008-06-14,72465356,David Hernández Díaz,0,16
10000319,Martina Castro Vargas,2008-07-01,75443292,Roberto Navarro Torres,1,16
7000256,Javier Gutiérrez Martínez,2010-06-23,76928861,Elena Alonso Gutiérrez,0,14
7000282,Patricia Moreno Pérez,2007-10-14,71150831,Carlos García Pérez,0,17
10000190,Jimena Delgado Torres,2012-10-12,79600748,Roberto Navarro Torres,2,12
7000177,Ricardo López Pérez,2007-06-14,74940971,Rosa Moreno Muñoz,0,17
10000158,Rodrigo Álvarez Vargas,2010-05-11,79682029,Ana Rodríguez Sánchez,2,15
10000547,Rodrigo Fernández Navarro,2012-02-11,71313142,Sandra Morales Ortiz,0,13
10000464,Gabriel Rubio Molina,2007-01-15,72498264,Roberto Navarro Torres,0,18
10000010,Iván Díaz Lara,2012-12-01,71573340,Rosa Moreno Muñoz,2,12
10000129,Alejandro Ortiz Ruiz,2006-06-08,79621237,Patricia Ramírez Serrano,2,19
10000355,Daniela Gómez Muñoz,2011-01-13,71412875,David Hernández Díaz,0,14
10000084,Carolina Martín Martínez,2011-03-24,70240706,Isabel Domínguez Vázquez,2,14
7000217,Alejandra Martínez Pérez,2006-02-06,75872568,Luis Fernández Gómez,0,19
10000059,Valentina García Molina,2006-11-12,76728541,Luis Fernández Gómez,2,18
10000493,Sergio Gil Domínguez,2010-06-25,73660711,Miguel Álvarez Romero,0,14
10000183,David Rodríguez Díaz,2010-07-26,74807102,Miguel Álvarez Romero,2,14
10000393,Tomás Jiménez Martínez,2013-07-25,70931437,José González Ruiz,0,11
10000486,Amanda Pérez Ramos,2008-06-18,74157313,María López Martínez,0,16
10000136,Diana Romero Morales,2006-07-01,74261601,María López Martínez,2,18
10000491,Javier Herrera Ortiz,2006-11-20,78713015,Beatriz Marín Sanz,0,18
7000008,Eduardo Romero Gómez,2005-04-11,73763726,Carmen Jiménez Martín,0,20
10000597,Miguel Sánchez Ruiz,2011-03-02,71313204,Luis Fernández Gómez,0,14
7000116,David Martínez Ruiz,2010-02-21,77239756,Carlos García Pérez,0,15
10000300,Víctor Torres Ruiz,2011-12-07,78162013,Roberto Navarro Torres,1,13
10000291,Ricardo Ramos Delgado,2008-06-10,74337379,David Hernández Díaz,1,16
7000109,Ana Pérez Sánchez,2005-01-20,71568118,Carmen Jiménez Martín,0,20
10000179,Francisco Marín Ortiz,2006-05-13,75737168,Ana Rodríguez Sánchez,2,19
7000121,Verónica Alonso Muñoz,2009-11-25,76687469,Rosa Moreno Muñoz,0,15
10000424,Rodrigo Hernández Rodríguez,2010-08-24,72334395,Francisco Delgado Rubio,0,14
7000025,Pedro Gómez García,2008-02-18,78160925,Elena Alonso Gutiérrez,0,17
10000592,Carmen Marín Álvarez,2012-01-12,78812211,José González Ruiz,0,13
10000274,Fernando Rivera Ortiz,2007-05-06,79641844,Carlos García Pérez,1,18
10000046,Sofía Aguilar Marín,2006-03-03,73467465,Antonio Iglesias Vargas,2,19
10000515,Elena Flores Sanz,2006-03-07,70348219,Antonio Iglesias Vargas,0,19
10000161,Paola Morales Navarro,2012-03-10,79106063,José González Ruiz,2,13
10000373,Cristina Torres Morales,2012-06-21,70969122,Isabel Domínguez Vázquez,0,12
10000160,Miguel Morales Delgado,2012-02-08,77382621,Carmen Jiménez Martín,2,13
10000398,Laura Ortega Espinoza,2013-05-26,73844331,Alejandro Blanco Suárez,0,12
7000246,Gabriela Gutiérrez Díaz,2006-04-13,77204491,David Hernández Díaz,0,19
10000002,Daniel Molina Ortiz,2011-07-18,71850146,María López Martínez,2,13
10000108,Rodrigo Suárez Pérez,2008-08-05,76676314,Isabel Domínguez Vázquez,2,16
10000277,Emilio Serrano González,2007-05-02,73687572,Ricardo Molina Castro,1,18
7000042,Andrea Moreno Alonso,2011-10-24,72602123,Carlos García Pérez,0,13
7000074,Francisco Ruiz Pérez,2005-02-25,73559766,Carlos García Pérez,0,20
10000388,Esperanza Ortiz Moreno,2006-04-05,74786995,Luis Fernández Gómez,0,19
10000031,Juan Contreras Muñoz,2006-07-06,79591539,Elena Alonso Gutiérrez,2,18
10000233,Emilio Aguilar Marín,2008-02-24,74460155,Rosa Moreno Muñoz,2,17
10000538,Inés Contreras Álvarez,2009-04-22,71419632,Alejandro Blanco Suárez,0,16
7000283,Francisco Díaz Martín,2007-04-12,73649410,Carmen Jiménez Martín,0,18
7000151,Claudia Jiménez González,2010-02-06,78321226,Rosa Moreno Muñoz,0,15
7000100,Luis Rodríguez Jiménez,2006-02-08,70285416,Luis Fernández Gómez,0,19
10000419,Mónica Gutiérrez Martín,2006-02-19,76329086,Elena Alonso Gutiérrez,0,19
10000110,Pablo Castro Herrera,2009-06-23,70357274,Roberto Navarro Torres,2,15
10000436,Claudia Rubio Vázquez,2010-04-16,79742873,David Hernández Díaz,0,15
10000015,Ana Jiménez Castro,2008-06-21,77468520,Patricia Ramírez Serrano,2,16
10000216,Tomás Herrera Navarro,2013-04-08,75322660,Alejandro Blanco Suárez,2,12
10000072,Gonzalo Molina Blanco,2010-05-02,72475267,Elena Alonso Gutiérrez,2,15
7000012,Ricardo Sánchez Gómez,2005-05-04,79790127,José González Ruiz,0,20
7000019,Ana Gutiérrez Alonso,2009-12-28,73109390,David Hernández Díaz,0,15
10000159,Jimena Alonso Vázquez,2008-12-01,78723537,Miguel Álvarez Romero,2,16
10000394,Raquel Ortiz Martínez,2008-03-08,70780924,Ricardo Molina Castro,0,17
10000512,Óscar Alonso Castro,2010-05-15,77988020,José González Ruiz,0,15
10000320,Sergio Mendoza Suárez,2007-12-21,74990291,Miguel Álvarez Romero,1,17
10000008,Mateo Vázquez Castro,2013-10-08,75461999,Patricia Ramírez Serrano,2,11
7000036,Carmen Moreno Romero,2007-06-24,74598626,Ana Rodríguez Sánchez,0,17
10000284,Raquel Gómez Blanco,2010-08-07,76563439,Francisco Delgado Rubio,1,14
10000409,Isabel Hernández Lara,2006-06-27,75471448,Carmen Jiménez Martín,0,18
10000135,Juan Domínguez Sánchez,2011-12-27,73566472,Rosa Moreno Muñoz,2,13
7000183,Sergio Pérez Jiménez,2006-12-08,76489539,Carmen Jiménez Martín,0,18
10000101,Verónica Molina Contreras,2006-05-20,78589350,Luis Fernández Gómez,2,19
10000477,José Martín Moreno,2012-04-27,73526265,Francisco Delgado Rubio,0,13
7000186,Natalia Gutiérrez Muñoz,2011-01-21,78374190,Rosa Moreno Muñoz,0,14
10000113,Ana Lara Serrano,2009-01-24,72305667,Ricardo Molina Castro,2,16
7000076,Beatriz Pérez Rodríguez,2006-11-05,79471043,Rosa Moreno Muñoz,0,18
7000243,Pedro Moreno Gutiérrez,2005-02-25,75780637,David Hernández Díaz,0,20
10000285,Nicolás Pérez Ortega,2010-12-05,76407888,Miguel Álvarez Romero,1,14
10000163,Jimena Cruz Lara,2013-06-11,72502325,Carmen Jiménez Martín,2,11
7000204,José Pérez Hernández,2005-08-04,71732246,Miguel Álvarez Romero,0,19
7000162,Diego Álvarez Hernández,2006-10-11,77888860,Elena Alonso Gutiérrez,0,18
10000370,Alejandro Aguilar Álvarez,2010-10-12,77270693,Francisco Delgado Rubio,0,14
7000030,Fernanda Gómez Moreno,2007-06-07,73570422,Ana Rodríguez Sánchez,0,18
10000151,Beatriz Martínez Ruiz,2013-07-06,73238152,Alejandro Blanco Suárez,2,11
10000489,Rubén Gutiérrez Navarro,2007-02-19,74479218,Roberto Navarro Torres,0,18
10000526,Camila López Ortiz,2006-04-13,71491221,Sandra Morales Ortiz,0,19
10000449,Andrés Moreno Ramos,2010-05-18,76318129,María López Martínez,0,15
10000068,Diego Castro Gutiérrez,2012-10-19,71233394,Carmen Jiménez Martín,2,12
10000499,Sergio Espinoza Serrano,2007-01-28,77337558,José González Ruiz,0,18
10000338,Lorena Vázquez Torres,2007-04-21,78245171,Elena Alonso Gutiérrez,1,18
7000026,Cristina García Romero,2008-09-28,72759376,Carmen Jiménez Martín,0,16
7000270,Miguel González Muñoz,2005-12-25,79688053,José González Ruiz,0,19
10000156,Nicolás Rodríguez Suárez,2008-06-18,79331124,Carlos García Pérez,2,16
10000487,Luis Fernández Suárez,2013-09-08,75665458,José González Ruiz,0,11
7000063,Gabriela García Gómez,2008-02-24,77139167,Ana Rodríguez Sánchez,0,17
10000455,María Ramírez Cruz,2008-01-16,75562540,Ricardo Molina Castro,0,17
7000245,Sergio Rodríguez Martínez,2010-05-01,70888731,Miguel Álvarez Romero,0,15
7000158,Roberto Sánchez Gutiérrez,2009-04-16,77723218,María López Martínez,0,16
10000380,Rosa Iglesias Flores,2013-06-26,74328445,María López Martínez,0,11
7000052,Luis Martín Hernández,2011-02-23,79893109,Carmen Jiménez Martín,0,14
7000080,Verónica Pérez Ruiz,2011-03-16,71824825,Carlos García Pérez,0,14
7000083,José González García,2010-01-15,70411784,Ana Rodríguez Sánchez,0,15
10000035,Javier Jiménez Castro,2007-08-17,71433865,Patricia Ramírez Serrano,2,17
7000290,Isabel Gómez Martínez,2007-06-04,79457840,Ana Rodríguez Sánchez,0,18
10000571,Fernanda Gómez Rivera,2013-09-11,78915583,José González Ruiz,0,11
10000508,Sergio Marín Díaz,2010-08-01,76466492,Roberto Navarro Torres,0,14
7000053,María Sánchez Martínez,2005-05-26,79732413,Luis Fernández Gómez,0,20
10000298,Elena Romero González,2012-03-06,73661517,Ana Rodríguez Sánchez,1,13
10000176,Valentina Alonso Serrano,2010-05-17,73426456,Roberto Navarro Torres,2,15
10000195,Fernando Gutiérrez Sánchez,2009-03-27,73271082,David Hernández Díaz,2,16
7000230,Paola Pérez Moreno,2005-10-14,73737055,David Hernández Díaz,0,19
10000247,Alejandro Ortega Espinoza,2006-11-25,77602818,Ricardo Molina Castro,2,18
10000192,María Contreras Castro,2008-12-10,75272272,José González Ruiz,2,16
10000127,Miguel Martín Herrera,2007-01-01,71312662,Patricia Ramírez Serrano,2,18
10000484,Victoria Díaz Espinoza,2012-07-16,78908672,Roberto Navarro Torres,0,12
10000273,Laura Delgado Torres,2007-01-06,79877560,Francisco Delgado Rubio,1,18
7000061,Andrea Alonso González,2005-11-18,77946307,David Hernández Díaz,0,19
10000391,Luis Herrera González,2012-04-25,71830261,María López Martínez,0,13
10000270,Sergio Sánchez Hernández,2010-09-06,71695686,Rosa Moreno Muñoz,1,14
10000189,Juan Muñoz Domínguez,2007-06-08,70615859,Carlos García Pérez,2,18
7000222,Rafael González Jiménez,2011-03-15,71124217,David Hernández Díaz,0,14
10000230,Isabella Moreno Navarro,2012-05-21,75253804,Antonio Iglesias Vargas,2,13
10000045,Ignacio Sanz Morales,2009-12-20,78896274,Luis Fernández Gómez,2,15
10000019,Diana Morales Sánchez,2006-04-20,72606831,Alejandro Blanco Suárez,2,19
10000492,Raquel Alonso Sánchez,2010-05-06,76346131,Carlos García Pérez,0,15
7000242,Andrea González Gómez,2007-05-04,71707642,Carmen Jiménez Martín,0,18
7000085,David Martínez Alonso,2009-01-27,74677974,María López Martínez,0,16
7000203,Fernanda Jiménez Alonso,2006-02-14,73659367,David Hernández Díaz,0,19
10000438,Sofía Sanz Ramos,2009-08-07,73121332,Isabel Domínguez Vázquez,0,15
10000143,Javier Vargas Castro,2010-06-20,70668851,Antonio Iglesias Vargas,2,14
10000140,Lorena Molina Rivera,2009-02-05,75503610,Fernando Ramos Gil,2,16
10000250,Ricardo Cruz Fernández,2009-08-03,76693217,Miguel Álvarez Romero,1,15
10000465,Renata Jiménez González,2010-07-17,75260875,Luis Fernández Gómez,0,14
10000237,Nicolás Serrano Morales,2010-11-09,78259899,Roberto Navarro Torres,2,14
10000004,Iván Ortega Muñoz,2008-11-11,71377032,Ricardo Molina Castro,2,16
10000341,Manuel Domínguez Hernández,2010-08-23,78405881,David Hernández Díaz,1,14
10000076,Raquel Ortiz Álvarez,2009-10-02,72429769,Patricia Ramírez Serrano,2,15
10000536,María Hernández Fernández,2008-07-06,71734727,Alejandro Blanco Suárez,0,16
10000067,Lucía Cruz Moreno,2006-09-11,79204669,Rosa Moreno Muñoz,2,18
7000237,David Fernández Sánchez,2006-04-16,78127514,Elena Alonso Gutiérrez,0,19
10000594,Gabriela Martín Herrera,2008-08-01,73953013,Rosa Moreno Muñoz,0,16
10000134,Natalia Alonso Ramírez,2012-06-02,72782842,Carlos García Pérez,2,13
10000591,Carlos Suárez Ortiz,2006-04-20,75710281,Miguel Álvarez Romero,0,19
10000239,Andrés Delgado Ortiz,2006-03-24,76686245,Beatriz Marín Sanz,2,19
7000202,Manuel Hernández Álvarez,2011-11-08,71479678,Luis Fernández Gómez,0,13
10000468,Francisco Domínguez Martín,2007-10-22,74922289,Alejandro Blanco Suárez,0,17
10000121,Silvia Ruiz Fernández,2010-01-12,76380378,José González Ruiz,2,15
10000539,Gabriel Torres Navarro,2013-03-01,76842307,Fernando Ramos Gil,0,12
7000122,Antonio Jiménez Ruiz,2009-02-03,79296686,Elena Alonso Gutiérrez,0,16
10000329,Antonio Ramírez Delgado,2013-02-06,79256731,Rosa Moreno Muñoz,1,12
10000509,Daniela Ruiz Martínez,2008-10-02,72616495,María López Martínez,0,16
10000149,Gonzalo Lara Martínez,2007-03-15,78823750,Carmen Jiménez Martín,2,18
10000097,Manuel Castro Rivera,2010-05-15,79813544,David Hernández Díaz,2,15
10000447,Juan Vargas Ortiz,2012-04-27,77888677,María López Martínez,0,13
10000043,Óscar Álvarez Gil,2008-11-01,78931086,Isabel Domínguez Vázquez,2,16
7000010,Andrés García García,2007-12-04,71373176,David Hernández Díaz,0,17
7000299,Sergio López Pérez,2006-07-19,72540409,Rosa Moreno Muñoz,0,18
10000154,Roberto Cruz Vargas,2007-04-04,72586928,Rosa Moreno Muñoz,2,18
7000132,Alejandra Sánchez Gutiérrez,2010-10-19,70123302,José González Ruiz,0,14
7000097,Luis Álvarez López,2010-03-03,76671626,Elena Alonso Gutiérrez,0,15
10000111,Jimena Muñoz Sánchez,2013-09-20,73674301,Ricardo Molina Castro,2,11
10000203,Verónica Hernández Suárez,2013-09-08,79886589,Elena Alonso Gutiérrez,2,11
7000040,Mónica Alonso Gutiérrez,2011-05-23,78587299,Elena Alonso Gutiérrez,0,14
10000349,Fernando Sánchez Álvarez,2008-06-22,79499147,Luis Fernández Gómez,1,16
10000263,Martina Suárez Herrera,2011-10-07,76372822,Francisco Delgado Rubio,1,13
10000348,Lucía Ramos Romero,2007-12-27,75467312,Roberto Navarro Torres,1,17
10000037,Héctor Gutiérrez Díaz,2007-04-06,71121092,Sandra Morales Ortiz,2,18
7000015,Verónica Gutiérrez Jiménez,2011-12-05,73735494,Carmen Jiménez Martín,0,13
7000250,Francisco Sánchez Moreno,2010-08-27,71718638,Luis Fernández Gómez,0,14
10000289,Víctor Castro Rivera,2006-07-03,75291531,Carmen Jiménez Martín,1,18
10000588,Natalia Mendoza Romero,2007-04-10,74440004,Miguel Álvarez Romero,0,18
7000240,Ana Fernández Sánchez,2011-03-05,73314215,José González Ruiz,0,14
10000114,Raúl Mendoza Contreras,2008-04-28,76119595,María López Martínez,2,17
10000227,Santiago Sanz Álvarez,2008-10-09,79225840,María López Martínez,2,16
7000141,Rafael Ruiz Jiménez,2005-06-25,79360024,Miguel Álvarez Romero,0,19
7000086,Mónica García Díaz,2006-10-18,70862115,Carlos García Pérez,0,18
10000089,Santiago Vázquez Molina,2013-04-26,77225985,Antonio Iglesias Vargas,2,12
10000511,Lorena Álvarez Flores,2010-06-28,73533060,Elena Alonso Gutiérrez,0,14
7000035,Fernando Martín Martín,2007-04-15,79576018,Elena Alonso Gutiérrez,0,18
7000060,Javier Alonso Martínez,2005-12-03,77165997,José González Ruiz,0,19
10000577,Alejandro Blanco Ramírez,2009-05-22,75509460,Isabel Domínguez Vázquez,0,16
10000400,Santiago Domínguez Sanz,2012-04-10,75261467,José González Ruiz,0,13
7000099,Pedro Martínez González,2006-11-15,70304537,Carmen Jiménez Martín,0,18
10000570,Luis González Ortega,2009-02-15,70803167,Ricardo Molina Castro,0,16
10000047,Mateo Lara Muñoz,2011-05-11,79447247,Carlos García Pérez,2,14
10000579,Iván Marín Jiménez,2007-01-07,72907835,Elena Alonso Gutiérrez,0,18
10000234,Valentina Gutiérrez García,2013-01-17,78621712,Patricia Ramírez Serrano,2,12
10000085,David Hernández Torres,2010-12-07,75336526,Francisco Delgado Rubio,2,14
10000390,Isabella Díaz Marín,2006-04-23,76378748,Ana Rodríguez Sánchez,0,19
7000056,David Martín Martínez,2011-08-11,77501303,María López Martínez,0,13
10000328,Victoria Aguilar Aguilar,2009-09-11,79904626,Luis Fernández Gómez,1,15
10000478,Sofía Moreno Martínez,2008-12-11,79442787,Antonio Iglesias Vargas,0,16
10000364,Emilio Contreras Rubio,2013-12-13,72397804,Antonio Iglesias Vargas,0,11
7000266,José Díaz Ruiz,2005-07-13,79595041,José González Ruiz,0,19
10000351,Fernanda García Rivera,2010-10-24,73832401,Beatriz Marín Sanz,0,14
10000029,Fernando Contreras Suárez,2008-11-18,73321682,Beatriz Marín Sanz,2,16
7000160,Ricardo Gutiérrez López,2008-01-27,76899887,Miguel Álvarez Romero,0,17
10000540,Isabel Herrera Suárez,2010-09-26,72138235,Roberto Navarro Torres,0,14
10000523,Verónica Sánchez Mendoza,2008-11-17,79166385,José González Ruiz,0,16
10000058,David Jiménez Delgado,2012-02-15,70870374,Ricardo Molina Castro,2,13
10000403,Laura Moreno Aguilar,2013-05-21,76914859,Patricia Ramírez Serrano,0,12
7000296,Sandra Alonso González,2006-07-10,78186293,David Hernández Díaz,0,18
10000220,Eduardo Mendoza Gil,2009-10-24,73308770,Ana Rodríguez Sánchez,2,15
10000040,Gabriela Marín Morales,2013-06-20,73247122,Sandra Morales Ortiz,2,11
10000231,Fernando Álvarez Romero,2013-06-06,77301411,Ricardo Molina Castro,2,12
10000405,Daniela Molina Morales,2006-09-26,70252706,Antonio Iglesias Vargas,0,18
7000180,Verónica Muñoz García,2005-04-12,74247011,Luis Fernández Gómez,0,20
10000439,Juan López Rivera,2007-06-13,71765058,Elena Alonso Gutiérrez,0,17
10000226,Diana Cruz Castro,2007-07-28,72151417,Ricardo Molina Castro,2,17
10000206,Carlos Ortiz Suárez,2007-03-21,74787929,Isabel Domínguez Vázquez,2,18
7000123,Rosa Sánchez Martín,2011-02-09,76559570,Elena Alonso Gutiérrez,0,14
10000301,Isabel Romero Ramírez,2012-07-04,70961124,David Hernández Díaz,1,12
10000590,Isabella Alonso Rubio,2007-04-10,72821390,Alejandro Blanco Suárez,0,18
10000334,Valeria Vázquez Flores,2010-03-10,73346632,Ricardo Molina Castro,1,15
10000013,Esperanza García Ramírez,2009-05-10,78838473,José González Ruiz,2,16
10000359,Silvia Serrano González,2011-02-11,77941841,Ana Rodríguez Sánchez,0,14
10000315,Diana Muñoz Rodríguez,2011-02-19,70596958,Roberto Navarro Torres,1,14
10000104,Antonio Mendoza Torres,2011-06-19,75887846,Alejandro Blanco Suárez,2,13
7000014,Miguel Martín Ruiz,2008-10-10,70787781,José González Ruiz,0,16
10000345,Juan Flores Aguilar,2009-01-11,77633558,Ana Rodríguez Sánchez,1,16
10000435,Luis Cruz Alonso,2007-11-15,71460628,Francisco Delgado Rubio,0,17
10000558,Andrés Moreno Blanco,2007-09-10,72556194,Francisco Delgado Rubio,0,17
7000216,Roberto López Rodríguez,2005-09-02,74496670,Elena Alonso Gutiérrez,0,19
7000129,Miguel Gómez Álvarez,2009-12-09,77896155,Luis Fernández Gómez,0,15
10000456,Santiago Romero Castro,2012-01-27,72128640,Isabel Domínguez Vázquez,0,13
7000181,Javier Gómez Sánchez,2011-07-11,77852123,Luis Fernández Gómez,0,13
10000575,Fernando Espinoza Gómez,2009-09-05,71389038,Luis Fernández Gómez,0,15
10000074,Luis Serrano Castro,2012-11-04,76622340,Rosa Moreno Muñoz,2,12
10000343,Sebastián Aguilar Gutiérrez,2008-07-05,73547531,Antonio Iglesias Vargas,1,16
10000292,Camila Sánchez Ortega,2007-07-24,74286895,Antonio Iglesias Vargas,1,17
10000221,Camila Navarro Delgado,2012-10-16,74893834,Miguel Álvarez Romero,2,12
10000073,Lucía Alonso Ramírez,2008-06-19,77779186,Luis Fernández Gómez,2,16
7000208,Pedro Martín Sánchez,2006-08-15,79973164,Rosa Moreno Muñoz,0,18
10000204,Rubén Ramírez González,2006-05-07,73848509,Sandra Morales Ortiz,2,19
7000287,Roberto Moreno Ruiz,2011-04-17,71438479,Luis Fernández Gómez,0,14
7000268,Pedro Martínez Moreno,2011-09-20,77105834,María López Martínez,0,13
10000063,Laura Fernández Álvarez,2008-06-08,76458548,Miguel Álvarez Romero,2,16
10000595,Nicolás Sánchez Contreras,2009-08-14,72549062,Rosa Moreno Muñoz,0,15
10000354,Roberto Espinoza Fernández,2012-08-26,75904024,Roberto Navarro Torres,0,12
10000546,Pilar Mendoza Muñoz,2007-07-20,77153087,Luis Fernández Gómez,0,17
10000569,Carmen Vargas Marín,2013-10-12,76653467,Elena Alonso Gutiérrez,0,11
7000092,Ana Rodríguez Jiménez,2006-06-16,78622436,Rosa Moreno Muñoz,0,18
10000095,Ricardo Sanz Martínez,2012-02-11,72277587,José González Ruiz,2,13
10000077,Mateo López Rivera,2009-01-10,71311068,Carlos García Pérez,2,16
7000041,Roberto Muñoz Díaz,2009-04-13,78744545,Ana Rodríguez Sánchez,0,16
7000090,Rosa Díaz Romero,2009-02-01,78460887,Luis Fernández Gómez,0,16
10000248,Lorena Vázquez Blanco,2013-10-04,73713425,Isabel Domínguez Vázquez,2,11
10000147,Gonzalo Herrera Mendoza,2007-04-05,73446865,Carlos García Pérez,2,18
10000572,Ignacio Castro Fernández,2007-04-15,70719003,Roberto Navarro Torres,0,18
10000397,Antonio Iglesias Herrera,2006-06-18,78774720,Rosa Moreno Muñoz,0,18
7000274,José Martín González,2007-03-10,74903963,Miguel Álvarez Romero,0,18
10000399,Ignacio Jiménez Blanco,2007-07-24,71682220,Alejandro Blanco Suárez,0,17
10000426,Patricia Jiménez Castro,2008-05-13,74876485,Sandra Morales Ortiz,0,17
7000127,Rafael Pérez Díaz,2010-08-07,75910402,María López Martínez,0,14
7000244,Fernanda Fernández Martínez,2010-10-26,77487228,Miguel Álvarez Romero,0,14
7000219,Fernanda Martínez Díaz,2006-03-26,76214246,Miguel Álvarez Romero,0,19
7000004,José Fernández Gómez,2009-07-11,72103975,Miguel Álvarez Romero,0,15
7000011,Beatriz Pérez Pérez,2008-06-20,75854146,Miguel Álvarez Romero,0,16
7000209,Gabriela Martín Ruiz,2011-09-22,74144779,Carmen Jiménez Martín,0,13
10000463,Carmen López Aguilar,2006-07-06,73287921,Roberto Navarro Torres,0,18
7000285,Diego Alonso Moreno,2010-07-08,75984528,Carmen Jiménez Martín,0,14
10000100,Rafael Castro Martín,2012-02-28,74758910,Ana Rodríguez Sánchez,2,13
10000430,Isabella Rubio Aguilar,2006-09-08,73487880,Ricardo Molina Castro,0,18
10000170,Daniel Delgado Díaz,2011-04-21,76989124,Elena Alonso Gutiérrez,2,14
10000251,Claudia Iglesias Ramírez,2008-02-23,72102219,María López Martínez,1,17
10000347,Adrián Herrera Gómez,2011-06-20,79331522,Beatriz Marín Sanz,1,13
7000229,Alejandro Gutiérrez Jiménez,2010-03-06,70512026,Luis Fernández Gómez,0,15
10000333,Gonzalo Castro Morales,2006-10-20,75450956,Antonio Iglesias Vargas,1,18
10000006,Héctor Herrera Domínguez,2011-10-22,77511647,Ricardo Molina Castro,2,13
7000260,David Gómez Ruiz,2011-05-17,75116392,Ana Rodríguez Sánchez,0,14
10000238,Patricia Molina Hernández,2012-06-14,75197286,Ricardo Molina Castro,2,12
7000206,Diego González Pérez,2011-04-23,78335239,María López Martínez,0,14
10000425,Roberto Fernández Herrera,2009-09-27,76628937,Luis Fernández Gómez,0,15
10000395,Diego Ortega Delgado,2010-12-12,77947646,Fernando Ramos Gil,0,14
10000086,Alejandra Ramos Delgado,2009-03-08,72150361,Beatriz Marín Sanz,2,16
10000423,Elena Serrano Martínez,2006-03-17,74895453,Beatriz Marín Sanz,0,19
7000234,Gabriela López Rodríguez,2008-04-08,76329862,Carlos García Pérez,0,17
10000155,Amanda Serrano Vázquez,2011-02-25,71580171,Luis Fernández Gómez,2,14
7000155,Fernanda Martín Ruiz,2005-09-18,71991044,Miguel Álvarez Romero,0,19
7000163,Ana González Alonso,2008-08-03,78810695,Ana Rodríguez Sánchez,0,16
10000443,Andrés Navarro Ortega,2009-12-08,78429502,Luis Fernández Gómez,0,15
10000078,Pilar Lara Gutiérrez,2006-12-24,76907812,Fernando Ramos Gil,2,18
10000242,Andrea Vázquez Ortega,2009-11-09,76772694,Fernando Ramos Gil,2,15
7000198,Patricia Fernández Martín,2011-12-01,72930672,José González Ruiz,0,13
10000352,Sebastián Vargas González,2013-10-18,74434814,Ricardo Molina Castro,0,11
10000471,Rosa Molina Sanz,2013-12-05,76364114,Roberto Navarro Torres,0,11
10000146,Amanda Delgado Moreno,2009-12-21,72184678,Roberto Navarro Torres,2,15
7000009,Alejandra Pérez Gutiérrez,2008-07-03,70865828,Carlos García Pérez,0,16
7000236,Isabel Hernández Romero,2011-08-22,79768733,Carmen Jiménez Martín,0,13
10000034,Carmen Blanco Suárez,2010-02-03,78290329,Alejandro Blanco Suárez,2,15
10000103,Jimena González Sanz,2006-10-07,77967920,Carlos García Pérez,2,18
7000280,Gabriela López Gutiérrez,2009-05-15,78712207,Miguel Álvarez Romero,0,16
7000133,Miguel López Gómez,2010-04-07,77928325,Luis Fernández Gómez,0,15
10000379,Héctor Rivera Alonso,2012-04-18,74523017,Antonio Iglesias Vargas,0,13
10000413,Patricia Martín Ramos,2010-10-04,70437069,Alejandro Blanco Suárez,0,14
10000198,Claudia Moreno Romero,2011-04-26,72692884,Carmen Jiménez Martín,2,14
10000428,Amanda Espinoza Sanz,2006-11-16,79859725,Sandra Morales Ortiz,0,18
7000020,Manuel López Álvarez,2007-12-16,71415713,Rosa Moreno Muñoz,0,17
10000517,Ana Navarro Romero,2013-06-06,79747831,Luis Fernández Gómez,0,12
7000091,Eduardo González Sánchez,2011-07-08,72144799,David Hernández Díaz,0,13
10000302,Ignacio Gil Hernández,2009-08-05,79997443,Beatriz Marín Sanz,1,15
10000194,Isabel Castro Torres,2006-12-27,74353792,Beatriz Marín Sanz,2,18
10000207,Pilar Flores Ruiz,2007-12-11,77168925,María López Martínez,2,17
7000196,Verónica Hernández Gutiérrez,2005-11-15,70800578,Luis Fernández Gómez,0,19
10000467,Rosa Flores Ortega,2013-12-19,72515385,Carmen Jiménez Martín,0,11
10000116,Adrián Flores Morales,2013-12-25,77483902,José González Ruiz,2,11
10000573,Sofía Molina Gil,2009-10-18,77832917,Elena Alonso Gutiérrez,0,15
10000294,Lorena Martín Morales,2012-10-04,79855309,Ricardo Molina Castro,1,12
7000071,Verónica García Ruiz,2010-03-26,78810112,María López Martínez,0,15
10000211,Isabel Morales Blanco,2011-11-01,71352259,David Hernández Díaz,2,13
10000191,Javier Muñoz Álvarez,2008-04-03,71785456,Ana Rodríguez Sánchez,2,17
10000402,Roberto Contreras Serrano,2011-11-26,71313126,Rosa Moreno Muñoz,0,13
10000417,Inés Martín Alonso,2006-01-03,77307551,Rosa Moreno Muñoz,0,19
7000189,Javier Jiménez Alonso,2006-09-12,76280598,David Hernández Díaz,0,18
10000112,Gonzalo Ortega Jiménez,2013-09-11,71435491,Carmen Jiménez Martín,2,11
7000154,Carlos Gómez Díaz,2006-02-10,78245494,María López Martínez,0,19
7000147,Juan Hernández Gutiérrez,2008-08-14,73261202,Elena Alonso Gutiérrez,0,16
10000550,Antonio Domínguez Álvarez,2013-12-07,79396887,Elena Alonso Gutiérrez,0,11
10000157,Sofía Álvarez Suárez,2013-03-25,71907178,Luis Fernández Gómez,2,12
10000589,Eduardo Vargas Gil,2013-02-15,71635505,Beatriz Marín Sanz,0,12
10000360,Manuel García Gutiérrez,2011-06-14,76847293,José González Ruiz,0,13
10000524,Nicolás Martín Ortiz,2006-12-15,73668522,Beatriz Marín Sanz,0,18
7000018,Francisco Pérez López,2009-03-05,76205066,José González Ruiz,0,16
10000476,Patricia Muñoz Mendoza,2013-10-02,71866324,David Hernández Díaz,0,11
7000029,José Sánchez Martínez,2006-05-01,73352666,David Hernández Díaz,0,19
10000260,Mateo Sánchez García,2013-11-22,74167682,Ana Rodríguez Sánchez,1,11
10000196,Verónica Gil Serrano,2008-09-19,74242486,Carlos García Pérez,2,16
7000136,Alejandra Romero Jiménez,2005-02-05,75503754,Carlos García Pérez,0,20
10000202,Andrés Pérez López,2012-08-28,74133918,Sandra Morales Ortiz,2,12
7000228,Gabriela Gutiérrez Díaz,2010-03-03,73360969,José González Ruiz,0,15
10000162,Andrés Fernández Rodríguez,2012-11-28,72227304,Miguel Álvarez Romero,2,12
7000258,Diego Romero Romero,2006-09-12,77122600,Carmen Jiménez Martín,0,18
7000079,Antonio Díaz Rodríguez,2006-03-13,79705333,David Hernández Díaz,0,19
10000094,Martina Vázquez Martín,2011-05-14,72920403,Miguel Álvarez Romero,2,14
10000304,David Mendoza Herrera,2006-05-09,71417701,Roberto Navarro Torres,1,19
10000122,José Jiménez Espinoza,2008-02-28,73758998,Francisco Delgado Rubio,2,17
10000396,Inés González Ortiz,2006-07-10,71140651,María López Martínez,0,18
10000313,Beatriz García Delgado,2006-12-23,72527726,Antonio Iglesias Vargas,1,18
10000562,Eduardo Ortega Suárez,2009-07-07,70192506,Antonio Iglesias Vargas,0,15
7000120,Miguel Moreno López,2007-05-11,78899591,Carmen Jiménez Martín,0,18
7000134,Cristina Jiménez Gómez,2008-08-21,78241968,José González Ruiz,0,16
10000323,Esperanza Blanco Serrano,2012-10-19,74666215,Luis Fernández Gómez,1,12
7000192,Isabel Moreno Martín,2007-01-07,70639443,Carmen Jiménez Martín,0,18
10000552,Gabriel Aguilar Moreno,2008-11-04,73295172,Sandra Morales Ortiz,0,16
10000120,Fernando Espinoza Blanco,2012-06-22,75400709,Antonio Iglesias Vargas,2,12
10000490,Silvia Ortiz Muñoz,2008-09-14,75738006,Antonio Iglesias Vargas,0,16
7000081,Alejandro Álvarez Moreno,2007-02-18,73151100,José González Ruiz,0,18
10000472,Rodrigo Castro Ruiz,2012-10-24,72350709,Rosa Moreno Muñoz,0,12
7000094,Verónica Romero Pérez,2007-11-17,79562738,Rosa Moreno Muñoz,0,17
7000172,Carlos Moreno Álvarez,2010-10-26,70941691,Elena Alonso Gutiérrez,0,14
7000022,Sergio López González,2009-03-14,76112066,Carmen Jiménez Martín,0,16
10000568,Javier Rodríguez Ruiz,2012-02-02,76609394,Ricardo Molina Castro,0,13
10000361,Martina Sánchez Gil,2011-01-25,72732903,Luis Fernández Gómez,0,14
10000543,Sebastián Mendoza Romero,2010-04-24,73808450,Luis Fernández Gómez,0,15
10000082,Sofía Serrano Vázquez,2010-01-02,77481892,Patricia Ramírez Serrano,2,15
10000167,María Ruiz Aguilar,2007-02-03,77877440,Carlos García Pérez,2,18
7000262,Manuel Muñoz Rodríguez,2009-09-17,76425510,María López Martínez,0,15
7000294,Paola Jiménez García,2007-04-06,71454230,José González Ruiz,0,18
7000114,Roberto Sánchez López,2008-10-09,72922608,José González Ruiz,0,16
10000549,Tomás Delgado Pérez,2008-03-06,78896586,Antonio Iglesias Vargas,0,17
10000307,Cristina Martín Iglesias,2007-12-04,72151835,Ricardo Molina Castro,1,17
7000140,Paola Muñoz Fernández,2010-06-02,74286034,José González Ruiz,0,15
10000218,Óscar Delgado Vázquez,2012-02-26,73408450,David Hernández Díaz,2,13
7000261,Sandra Gómez Rodríguez,2007-03-09,71703699,Carmen Jiménez Martín,0,18
7000235,Fernando Martínez Alonso,2007-11-23,78755823,María López Martínez,0,17
10000416,Daniel Navarro Contreras,2008-01-10,77147897,Roberto Navarro Torres,0,17
10000232,Inés Iglesias Contreras,2013-06-08,73130713,José González Ruiz,2,11
7000023,Laura Gutiérrez Rodríguez,2010-09-24,78144729,Carlos García Pérez,0,14
10000125,Daniel García García,2007-12-17,71880693,Beatriz Marín Sanz,2,17
10000039,Víctor Ortiz Díaz,2010-05-08,71217964,Ana Rodríguez Sánchez,2,15
7000231,Antonio Gutiérrez Muñoz,2005-04-24,71858584,Carmen Jiménez Martín,0,20
10000117,Sandra Sanz Jiménez,2007-11-19,77759707,Roberto Navarro Torres,2,17
7000146,Sandra Martínez González,2008-06-19,70683982,Carlos García Pérez,0,16
10000209,Elena Martínez Ramírez,2006-11-27,79874853,Sandra Morales Ortiz,2,18
7000050,Andrés Alonso Hernández,2008-01-25,72257515,Ana Rodríguez Sánchez,0,17
7000293,Alejandro Alonso Fernández,2011-11-11,79271370,María López Martínez,0,13
10000293,Gonzalo Aguilar Domínguez,2006-10-05,78748640,Isabel Domínguez Vázquez,1,18
7000002,Roberto Álvarez García,2006-07-27,79304916,Ana Rodríguez Sánchez,0,18
7000215,Beatriz Martín Martínez,2005-08-04,72362946,María López Martínez,0,19
10000560,Tomás Lara Vargas,2012-10-06,79821733,Isabel Domínguez Vázquez,0,12
7000016,Francisco Hernández Pérez,2005-07-08,76621295,Luis Fernández Gómez,0,19
7000110,Francisco Hernández González,2011-02-26,78378020,Ana Rodríguez Sánchez,0,14
10000223,Carmen Iglesias Sanz,2011-05-20,76861331,Antonio Iglesias Vargas,2,14
10000275,Tomás Jiménez Martínez,2013-06-06,75289519,María López Martínez,1,12
7000191,José Pérez Ruiz,2008-03-20,71913915,Carlos García Pérez,0,17
10000236,María Serrano Serrano,2007-03-22,79951242,Carlos García Pérez,2,18
7000193,Alejandro Fernández Pérez,2007-03-06,78969646,Carlos García Pérez,0,18
10000105,Natalia González Contreras,2011-12-24,71117547,Isabel Domínguez Vázquez,2,13
7000225,Roberto Alonso Pérez,2010-01-09,72559336,Luis Fernández Gómez,0,15
10000061,Silvia Mendoza Ruiz,2010-09-16,76912433,Roberto Navarro Torres,2,14
7000006,Fernando Martínez Rodríguez,2006-03-04,72914862,Luis Fernández Gómez,0,19
10000172,Rodrigo Martín Rubio,2012-03-15,70697485,Francisco Delgado Rubio,2,13
7000176,Natalia Ruiz Martín,2009-01-14,75492868,Miguel Álvarez Romero,0,16
7000220,José López Gómez,2008-12-06,75127113,David Hernández Díaz,0,16
10000431,Daniel Flores Espinoza,2008-04-05,79427578,David Hernández Díaz,0,17
10000054,Rafael Ruiz Blanco,2006-06-12,71663593,Alejandro Blanco Suárez,2,18
7000034,Alejandra Gutiérrez López,2008-01-14,73736685,José González Ruiz,0,17
7000153,María Sánchez González,2006-11-08,79125618,Carmen Jiménez Martín,0,18
10000322,Diego Rubio Contreras,2008-05-03,76529617,Ricardo Molina Castro,1,17
10000280,Valeria Díaz Molina,2006-02-07,75530616,Patricia Ramírez Serrano,1,19
10000065,Isabella Martínez Díaz,2013-04-25,76787985,Fernando Ramos Gil,2,12
7000297,Rafael López Gutiérrez,2011-12-02,77406182,Elena Alonso Gutiérrez,0,13
10000311,Pilar Torres Gutiérrez,2012-06-04,75187280,Alejandro Blanco Suárez,1,13
10000062,Gonzalo Contreras Sánchez,2006-06-12,71475722,Miguel Álvarez Romero,2,18
10000501,Camila Sanz Rodríguez,2013-03-04,71794767,Beatriz Marín Sanz,0,12
10000584,Diana Ortega Morales,2008-05-01,70857424,José González Ruiz,0,17
7000168,Ricardo Ruiz Moreno,2011-11-18,71704129,Miguel Álvarez Romero,0,13
10000174,Carlos García Rodríguez,2009-04-27,74119411,Sandra Morales Ortiz,2,16
10000519,Verónica Rubio Moreno,2007-03-23,78792137,Fernando Ramos Gil,0,18
7000169,Paola Hernández Martín,2007-12-17,76791611,Carlos García Pérez,0,17
7000263,Verónica Ruiz Álvarez,2009-09-19,71270888,Luis Fernández Gómez,0,15
10000272,Gabriel Cruz Fernández,2006-10-27,78165203,María López Martínez,1,18
10000215,Carolina Vargas Martínez,2009-01-28,70508953,Luis Fernández Gómez,2,16
7000289,Eduardo Moreno Martín,2006-12-27,72872994,Carmen Jiménez Martín,0,18
10000503,Cristina Blanco Ramos,2007-04-04,70501136,Francisco Delgado Rubio,0,18
10000138,Mónica Rodríguez Martínez,2008-07-24,71804304,Isabel Domínguez Vázquez,2,16
7000269,Elena Sánchez González,2011-02-12,71335627,Rosa Moreno Muñoz,0,14
10000290,Renata Cruz Romero,2010-01-18,70814701,Isabel Domínguez Vázquez,1,15
10000016,Ignacio Fernández Navarro,2008-01-09,72610017,Sandra Morales Ortiz,2,17
10000367,Carolina Gómez Ortega,2008-03-08,79566827,Alejandro Blanco Suárez,0,17
7000211,Ana Rodríguez Sánchez,2005-11-12,78496712,David Hernández Díaz,0,19
10000201,Amanda Aguilar Rivera,2010-10-06,73786990,Carlos García Pérez,2,14
7000024,Alejandro Gómez Hernández,2010-11-16,76682622,José González Ruiz,0,14
10000474,Antonio Herrera Jiménez,2008-04-03,77581133,Fernando Ramos Gil,0,17
10000197,Raúl Morales Alonso,2011-03-27,73392147,Elena Alonso Gutiérrez,2,14
10000107,Sofía Gil Ortega,2012-08-22,75975808,Ricardo Molina Castro,2,12
10000452,Roberto Castro González,2010-05-25,73136348,Alejandro Blanco Suárez,0,15
10000553,Isabel González Blanco,2011-04-01,75127473,Beatriz Marín Sanz,0,14
7000001,Fernanda Hernández Moreno,2010-12-07,77189723,José González Ruiz,0,14
10000022,Manuel Ortega López,2010-02-09,75436676,Beatriz Marín Sanz,2,15
10000392,Camila Díaz Álvarez,2013-12-26,75402665,Ana Rodríguez Sánchez,0,11
10000199,Raúl Contreras Álvarez,2008-05-19,73268041,David Hernández Díaz,2,17
10000118,Luis Serrano Muñoz,2008-03-18,71982944,Sandra Morales Ortiz,2,17
10000357,Alejandra Rodríguez Ramos,2009-08-14,71129293,Alejandro Blanco Suárez,0,15
7000089,Pedro Romero Gutiérrez,2008-03-03,73417830,Ana Rodríguez Sánchez,0,17
10000057,Mónica Ramos Marín,2007-07-28,77817762,Antonio Iglesias Vargas,2,17
10000305,Inés Gómez Jiménez,2006-07-21,77832961,Elena Alonso Gutiérrez,1,18
7000039,Fernando Rodríguez Gutiérrez,2008-08-16,78175742,María López Martínez,0,16
7000059,María Jiménez García,2008-09-21,72472704,Luis Fernández Gómez,0,16
7000069,Ana Muñoz Rodríguez,2008-01-01,77936597,Miguel Álvarez Romero,0,17
10000350,Pedro Herrera Fernández,2012-02-02,75878745,Roberto Navarro Torres,0,13
10000044,Jimena Jiménez Ortiz,2011-07-16,77970420,Alejandro Blanco Suárez,2,13
10000017,Isabel Álvarez Ruiz,2010-10-09,74829664,Francisco Delgado Rubio,2,14
7000113,Isabel Álvarez Hernández,2011-01-25,79683520,José González Ruiz,0,14
10000469,Amanda Flores Torres,2008-01-14,70881413,María López Martínez,0,17
7000159,Cristina Sánchez Sánchez,2005-11-23,77539646,Ana Rodríguez Sánchez,0,19
10000336,Diana Alonso Díaz,2011-01-16,71636692,Miguel Álvarez Romero,1,14
10000587,David Ortega Torres,2013-07-07,79632306,Patricia Ramírez Serrano,0,11
7000194,María Muñoz Muñoz,2006-03-13,75637719,Miguel Álvarez Romero,0,19
10000534,María Pérez Flores,2008-02-26,76664736,Antonio Iglesias Vargas,0,17
10000404,Antonio Cruz Mendoza,2007-08-18,79549665,Ricardo Molina Castro,0,17
10000378,Rosa Herrera Martínez,2011-01-19,74801486,Alejandro Blanco Suárez,0,14
10000053,Paola Ramos Rubio,2009-09-08,79922461,Isabel Domínguez Vázquez,2,15
10000109,Natalia Rodríguez Espinoza,2010-03-04,75744442,Antonio Iglesias Vargas,2,15
10000324,Santiago Rivera Cruz,2013-07-02,75310581,Patricia Ramírez Serrano,1,11
7000259,Andrea Jiménez Sánchez,2010-07-07,79501478,Carmen Jiménez Martín,0,14
7000286,Natalia Fernández Romero,2006-01-20,79437914,José González Ruiz,0,19
10000335,Pablo Vargas Espinoza,2007-06-09,79207456,Francisco Delgado Rubio,1,17
10000102,Adrián Contreras Morales,2006-07-10,79122512,Fernando Ramos Gil,2,18
10000453,Pilar Ramos Ortiz,2008-11-04,71104016,Patricia Ramírez Serrano,0,16
10000344,Claudia Sánchez Lara,2010-06-01,70564639,Patricia Ramírez Serrano,1,15
10000254,Raúl Blanco Espinoza,2013-09-22,79608899,David Hernández Díaz,1,11
10000169,Martina Gil Ruiz,2009-08-05,70502172,Sandra Morales Ortiz,2,15
7000276,Carmen Díaz Ruiz,2010-05-20,74457977,Ana Rodríguez Sánchez,0,15
10000371,Cristina Sánchez Ortega,2008-06-05,76103297,Patricia Ramírez Serrano,0,17
10000141,Antonio Torres Hernández,2008-11-07,73127562,Patricia Ramírez Serrano,2,16
10000510,Rodrigo Moreno Aguilar,2006-03-14,79434320,Fernando Ramos Gil,0,19
10000123,Pilar Marín Blanco,2006-01-07,77250480,Carmen Jiménez Martín,2,19
7000165,Laura García García,2006-08-07,71855495,María López Martínez,0,18
10000243,Ignacio Sanz Ruiz,2010-06-14,72974238,María López Martínez,2,14
10000240,Verónica Jiménez Marín,2012-06-08,79647111,Beatriz Marín Sanz,2,12
10000583,Óscar Flores Domínguez,2010-04-19,76893231,David Hernández Díaz,0,15
10000516,Rubén Fernández Suárez,2008-02-01,73729232,Sandra Morales Ortiz,0,17
7000045,David López Díaz,2010-12-13,76505912,David Hernández Díaz,0,14
7000251,Andrea Hernández Moreno,2011-05-20,78902208,Miguel Álvarez Romero,0,14
10000598,Andrea Herrera Ortega,2009-07-22,75785818,María López Martínez,0,15
7000098,Laura García Martínez,2007-06-14,76132547,Elena Alonso Gutiérrez,0,17
10000504,Raúl Sánchez Romero,2006-03-09,72927422,Patricia Ramírez Serrano,0,19
7000055,Ana Moreno Sánchez,2005-08-02,72708520,Luis Fernández Gómez,0,19
10000124,David Castro Gómez,2010-10-24,74744209,Fernando Ramos Gil,2,14
7000117,Gabriela Álvarez Alonso,2011-05-08,73833179,Rosa Moreno Muñoz,0,14
10000038,Claudia Serrano López,2011-01-11,70853946,Alejandro Blanco Suárez,2,14
10000446,Victoria Ruiz Gómez,2007-01-28,72142936,Luis Fernández Gómez,0,18
10000182,Isabella Torres Gómez,2007-04-07,70867808,Sandra Morales Ortiz,2,18
10000079,Luis Gutiérrez Torres,2006-11-06,71388386,Antonio Iglesias Vargas,2,18
10000454,Rubén Marín Muñoz,2011-12-03,71929699,María López Martínez,0,13
10000342,Camila Espinoza Martínez,2007-12-23,79161460,José González Ruiz,1,17
7000184,Cristina Muñoz Ruiz,2011-05-21,77535901,Miguel Álvarez Romero,0,14
10000212,Rubén Rubio Iglesias,2007-02-10,73546868,Roberto Navarro Torres,2,18
10000050,Fernando Rivera Muñoz,2012-12-21,76420389,Antonio Iglesias Vargas,2,12
10000556,Gonzalo Ortega Ramírez,2012-03-15,74488454,Miguel Álvarez Romero,0,13
7000118,Pedro López Álvarez,2005-12-09,70491783,Rosa Moreno Muñoz,0,19
10000150,Óscar Fernández Torres,2006-04-12,79346531,Francisco Delgado Rubio,2,19
7000257,María Gómez Ruiz,2005-08-10,75717827,Luis Fernández Gómez,0,19
10000554,Diego Muñoz Delgado,2009-05-20,79645767,Isabel Domínguez Vázquez,0,16
10000164,Pablo Torres González,2006-03-09,72540820,Rosa Moreno Muñoz,2,19
10000372,Roberto Martín Lara,2009-04-08,72272161,Roberto Navarro Torres,0,16
10000377,Antonio Ortiz Rodríguez,2008-04-13,78447343,María López Martínez,0,17
10000418,Nicolás Romero Jiménez,2010-06-04,72218273,Carmen Jiménez Martín,0,15
10000480,Daniela Cruz Pérez,2010-11-21,72290977,Francisco Delgado Rubio,0,14
10000253,Renata Jiménez Sánchez,2011-01-06,70485685,Luis Fernández Gómez,1,14
10000481,José Rivera Serrano,2007-04-01,75954260,Patricia Ramírez Serrano,0,18
10000327,Gonzalo González Suárez,2006-12-06,75291077,Fernando Ramos Gil,1,18
7000119,Claudia Alonso González,2005-07-22,75124172,Carlos García Pérez,0,19
10000048,Raquel Moreno Romero,2008-05-10,72266736,Beatriz Marín Sanz,2,17
7000072,Ricardo Gutiérrez Martínez,2010-09-17,70985623,Ana Rodríguez Sánchez,0,14
10000459,Laura Marín Torres,2008-08-19,79418020,José González Ruiz,0,16
7000137,Juan Álvarez Muñoz,2010-01-27,78362563,Elena Alonso Gutiérrez,0,15
10000340,Ana Cruz Gómez,2006-11-27,79114786,Elena Alonso Gutiérrez,1,18
7000032,Ana Moreno González,2010-06-24,74222977,David Hernández Díaz,0,14
10000281,Andrés Ortega González,2010-09-19,73588879,María López Martínez,1,14
7000275,Luis Álvarez García,2005-06-06,71267433,José González Ruiz,0,20
10000193,Iván Moreno Vargas,2008-11-10,70546270,Ana Rodríguez Sánchez,2,16
10000011,Carmen Suárez López,2007-09-13,79290196,Roberto Navarro Torres,2,17
7000207,Rosa Alonso Moreno,2005-01-23,77527514,Carlos García Pérez,0,20
10000299,Javier Molina Espinoza,2006-02-06,74814420,José González Ruiz,1,19
10000442,Isabella Lara Álvarez,2010-09-08,76172512,María López Martínez,0,14
7000038,Natalia Pérez Pérez,2008-07-07,74205992,José González Ruiz,0,16
7000106,Eduardo Romero Moreno,2006-06-28,79269959,Rosa Moreno Muñoz,0,18
7000254,Carlos Pérez Martín,2010-06-04,74801778,Miguel Álvarez Romero,0,15
10000064,Santiago Martín Iglesias,2007-12-03,77773754,Antonio Iglesias Vargas,2,17
10000429,Pedro Ramos Ramírez,2008-11-23,72782935,Antonio Iglesias Vargas,0,16
10000222,Ignacio Contreras Castro,2006-07-05,72288909,María López Martínez,2,18
7000108,Eduardo Gómez González,2005-04-04,74723723,David Hernández Díaz,0,20
10000005,Lorena Vargas Cruz,2012-06-25,71142373,David Hernández Díaz,2,12
7000150,Ricardo Moreno Gutiérrez,2007-07-04,73270610,Carlos García Pérez,0,17
7000084,Elena López Moreno,2005-07-06,75984515,David Hernández Díaz,0,19
10000001,Carolina Marín Herrera,2012-09-20,70624717,Carlos García Pérez,2,12
10000475,Pedro Gómez Marín,2009-04-02,71568297,Roberto Navarro Torres,0,16
10000555,Camila Torres Muñoz,2007-07-27,70705469,José González Ruiz,0,17
10000257,Lorena Sánchez Ramírez,2007-12-24,76698557,Luis Fernández Gómez,1,17
7000170,Diego Pérez López,2007-02-23,78834182,Carlos García Pérez,0,18
10000021,Andrea Gómez Díaz,2008-01-22,77255498,Alejandro Blanco Suárez,2,17
7000105,Claudia Rodríguez Fernández,2005-09-28,75665210,David Hernández Díaz,0,19
10000427,Pablo Gil González,2012-09-16,76943397,Isabel Domínguez Vázquez,0,12
10000246,Gabriela Marín Hernández,2011-09-15,77128433,David Hernández Díaz,2,13
7000213,Cristina Martínez Muñoz,2007-04-28,73562788,José González Ruiz,0,18
7000247,Roberto Fernández García,2011-05-07,74852099,Miguel Álvarez Romero,0,14
7000248,Laura Jiménez Romero,2005-06-16,73582605,David Hernández Díaz,0,19
10000279,Eduardo Serrano Iglesias,2011-12-16,79555872,Roberto Navarro Torres,1,13
10000461,Claudia Aguilar Cruz,2006-07-03,78186411,Patricia Ramírez Serrano,0,18
7000277,Miguel Moreno Martínez,2009-02-22,70166332,María López Martínez,0,16
10000330,Alejandra López Álvarez,2010-04-02,76738938,Francisco Delgado Rubio,1,15
10000303,Renata Ortega Romero,2007-08-26,73107521,Miguel Álvarez Romero,1,17
7000199,Sergio Martínez Martín,2005-06-27,70669076,Carmen Jiménez Martín,0,19
10000000,Pablo Espinoza Navarro,2006-04-15,73618366,Elena Alonso Gutiérrez,2,19
7000284,Sandra Sánchez Gutiérrez,2010-10-15,78464331,Carlos García Pérez,0,14
10000470,Sergio Molina Rodríguez,2009-08-18,77730682,Rosa Moreno Muñoz,0,15
10000318,Alejandro Rubio Sánchez,2007-10-22,78416016,Fernando Ramos Gil,1,17
10000052,Raúl Alonso Cruz,2006-09-07,74943770,Ana Rodríguez Sánchez,2,18
10000165,Valentina Herrera Herrera,2013-12-15,71505756,Patricia Ramírez Serrano,2,11
10000060,Santiago Herrera Ramírez,2007-06-12,79197587,Elena Alonso Gutiérrez,2,17
7000174,Francisco Alonso Gutiérrez,2006-08-10,74437484,José González Ruiz,0,18
10000003,Gabriela García Ramos,2011-03-24,78552758,Francisco Delgado Rubio,2,14
10000368,Tomás Navarro Castro,2013-07-20,77480452,Beatriz Marín Sanz,0,11
7000104,Manuel Martínez Gómez,2010-08-09,74418105,Carlos García Pérez,0,14
10000387,Daniel Castro Muñoz,2007-06-26,79822954,Carmen Jiménez Martín,0,17
10000356,Ignacio Serrano Rivera,2007-11-20,72478359,Beatriz Marín Sanz,0,17
10000115,Andrea Muñoz Ramírez,2006-10-02,74713643,Sandra Morales Ortiz,2,18
7000082,Carmen Gómez Díaz,2011-02-08,75100772,José González Ruiz,0,14
10000296,Carmen Sánchez Aguilar,2012-09-25,72429834,Sandra Morales Ortiz,1,12
10000506,Fernando Flores Blanco,2012-01-21,71993923,Carmen Jiménez Martín,0,13
10000578,Carmen Álvarez López,2012-03-18,79505232,Alejandro Blanco Suárez,0,13
7000200,Luis López Pérez,2005-08-16,77502916,José González Ruiz,0,19
10000042,Valentina Ruiz Muñoz,2013-05-12,78392558,David Hernández Díaz,2,12
10000224,Carlos Alonso Delgado,2012-03-19,72323838,David Hernández Díaz,2,13
7000125,Juan Moreno Martínez,2009-04-25,74587877,Ana Rodríguez Sánchez,0,16
10000032,María Castro Delgado,2010-12-09,79244639,Carlos García Pérez,2,14
10000173,Isabel Domínguez Sanz,2011-12-12,74739506,Francisco Delgado Rubio,2,13
10000219,Mónica Mendoza Ruiz,2008-07-26,77273612,Isabel Domínguez Vázquez,2,16
10000437,Gabriel Rubio Rivera,2007-01-14,72440511,Isabel Domínguez Vázquez,0,18
7000007,Patricia Díaz Martínez,2011-08-17,73743349,Elena Alonso Gutiérrez,0,13
10000225,Sergio Alonso Moreno,2012-04-11,78760819,Carlos García Pérez,2,13
7000095,Eduardo Díaz Díaz,2005-11-26,72740023,Carmen Jiménez Martín,0,19
10000325,Nicolás Hernández Álvarez,2012-04-25,74140379,Francisco Delgado Rubio,1,13
7000033,Miguel López Muñoz,2005-11-11,76226798,Luis Fernández Gómez,0,19
10000276,María Contreras Gil,2007-03-06,79266908,Carlos García Pérez,1,18
10000444,Carmen Molina Delgado,2011-01-23,71284481,Beatriz Marín Sanz,0,14
10000582,Claudia Sánchez Gutiérrez,2011-05-14,76798033,Beatriz Marín Sanz,0,14
7000131,Alejandro Moreno Pérez,2007-02-17,76684242,María López Martínez,0,18
7000054,Diego Gómez García,2011-12-27,75580450,Elena Alonso Gutiérrez,0,13
10000530,Lucía Blanco Delgado,2006-12-10,77408114,Elena Alonso Gutiérrez,0,18
